SegmentName,Tenure,MonthlyCharges,TotalCharges,SeniorCitizen,Churn,Size
Budget-Conscious Newbies,13.896,87.504,4316.76,0.768,0.28,125
High-Value Loyalists,41.031531531531535,126.65315315315316,4117.0675675675675,0.0,0.08108108108108109,222
Premium Spenders,48.49673202614379,116.09803921568627,4348.738562091503,1.0,0.0,153
